name,handedness,height,weight,avg,HR,BMI
Tom Brown,R,73,170,0,0,22.96866204
Denny Lemaster,R,73,182,0.13,4,24.58997936
Joe Nolan,L,71,175,0.263,27,24.99504067
Denny Doyle,L,69,175,0.25,16,26.46502836
Jose Cardenal,R,70,150,0.275,138,22.04081633
Mike Ryan,R,74,205,0.193,28,26.95398101
Fritz Peterson,B,72,185,0.159,2,25.69444444
Dick Bertell,R,72,200,0.25,10,27.77777778
Rod Kanehl,R,73,180,0.241,6,24.3197598
Ozzie Osborn,R,74,195,0,0,25.63915267
John LaRose,L,73,185,0,0,24.99530869
Jeff Byrd,R,75,195,0,0,24.96
Juan Bonilla,R,69,170,0.256,7,25.70888469
Frank Tepedino,L,71,185,0.241,6,26.4233287
Jerry Kutzler,L,73,175,0,0,23.64421092
Rick Wise,R,73,180,0.195,15,24.3197598
Darrell Evans,L,74,200,0.248,414,26.29656684
Buck Martinez,R,70,190,0.225,58,27.91836735
John Wockenfuss,R,72,190,0.262,86,26.38888889
Tommy McCraw,L,72,183,0.246,75,25.41666667
Jeff Barkley,B,75,185,0,0,23.68
Eric Wilkins,R,73,190,0,0,25.67085757
Britt Burns,L,77,215,0,0,26.10895598
Lee Lacy,R,73,175,0.286,91,23.64421092
Pete Rose,B,71,192,0.303,160,27.42313033
Danny Walton,R,72,195,0.223,28,27.08333333
Bobby Cox,R,71,180,0.225,9,25.70918469
Brad Wellman,R,72,170,0.231,6,23.61111111
Jeff Newman,R,74,215,0.224,63,28.26880935
Pedro Gonzalez,R,72,176,0.244,8,24.44444444
Nardi Contreras,B,74,193,0,0,25.376187
Tommie Reynolds,R,74,190,0.226,12,24.9817385
Gene Clines,R,69,170,0.277,5,25.70888469
Jim Hickman,R,75,192,0.252,159,24.576
Jack Billingham,R,76,195,0.111,0,24.30747922
Jerry Buchek,R,71,185,0.22,22,26.4233287
Ivan DeJesus,R,71,175,0.254,21,24.99504067
Gary Nolan,R,74,197,0.138,1,25.90211833
Gil Patterson,R,73,185,0,0,24.99530869
Fred Whitfield,L,73,190,0.253,108,25.67085757
Larry Dierker,R,76,215,0.136,4,26.80055402
Dave Skaggs,R,74,200,0.241,3,26.29656684
Dick Ruthven,R,75,190,0.183,1,24.32
Jerry Garvin,L,75,195,0,0,24.96
Steve Eddy,R,74,185,0,0,24.32432432
Dave Kingman,R,78,210,0.236,442,24.85207101
Eric Soderholm,R,71,187,0.264,102,26.70898631
Kevin Mmahat,L,77,220,0,0,26.716141
Ed Brinkman,R,72,170,0.224,60,23.61111111
Wayne Garrett,L,71,175,0.239,61,24.99504067
Tony Muser,L,74,180,0.259,7,23.66691015
Jim Siwy,R,76,200,0,0,24.93074792
Bud Anderson,R,75,210,0,0,26.88
Ted Ford,R,70,180,0.219,17,26.44897959
Kevin Stanfield,L,72,190,0,0,26.38888889
Jim Lyttle,L,72,180,0.248,9,25
John Butcher,R,76,185,0,0,23.06094183
Jerry Ujdur,R,73,195,0,0,26.34640646
Scot Thompson,L,75,195,0.262,5,24.96
Gene Locklear,L,70,165,0.274,9,24.24489796
Bo Diaz,R,71,185,0.255,87,26.4233287
Bump Wills,B,69,172,0.266,36,26.01134216
Brian Denman,R,76,205,0,0,25.55401662
Pat Putnam,L,72,205,0.255,63,28.47222222
Kurt Bevacqua,R,72,180,0.236,27,25
Bob Fallon,L,75,200,0,0,25.6
Syd O'Brien,R,73,185,0.23,24,24.99530869
Chris Chambliss,L,73,195,0.279,185,26.34640646
Tom Satriano,L,73,185,0.225,21,24.99530869
Jeffrey Leonard,R,74,200,0.266,144,26.29656684
Dal Maxvill,R,71,157,0.217,6,22.4241222
Steve Curry,R,78,217,0,0,25.68047337
Cesar Tovar,R,69,155,0.278,46,23.44045369
Mickey Lolich,B,73,170,0.11,0,22.96866204
Ray Chadwick,B,74,180,0,0,23.66691015
Jack Heidemann,R,72,175,0.211,9,24.30555556
Rich Rollins,R,70,185,0.269,77,27.18367347
Walt Bond,L,79,228,0.256,41,26.30347701
Merv Rettenmund,R,70,190,0.271,66,27.91836735
Bryan Clutterbuck,R,76,223,0,0,27.79778393
Byron Browne,R,74,190,0.236,30,24.9817385
Hector Torres,R,72,175,0.216,18,24.30555556
Walt Williams,R,66,165,0.27,33,27.27272727
Jerry Koosman,R,74,205,0.119,2,26.95398101
Steve Lombardozzi,R,72,175,0.233,20,24.30555556
Joe Azcue,R,72,190,0.252,50,26.38888889
Elliott Maddox,R,71,180,0.261,18,25.70918469
Omar Moreno,L,74,180,0.252,37,23.66691015
Julian Javier,R,73,175,0.257,78,23.64421092
Tony Ferreira,L,73,160,0,0,21.61756427
Elio Chacon,R,69,160,0.232,4,24.19659735
Rusty Torres,B,70,175,0.212,35,25.71428571
John Stearns,R,72,185,0.26,46,25.69444444
Larry Brown,R,70,160,0.233,47,23.51020408
Tommy Dean,R,72,165,0.18,4,22.91666667
Bryan Oelkers,L,75,192,0,0,24.576
Kevin Bearse,L,74,195,0,0,25.63915267
Marty Martinez,B,72,170,0.243,0,23.61111111
Bruce Boisclair,L,74,185,0.263,10,24.32432432
Ken Singleton,B,76,210,0.282,246,26.17728532
Frank White,R,71,165,0.255,160,23.56675263
Jim Fairey,L,70,190,0.235,7,27.91836735
Jose Roman,R,72,175,0,0,24.30555556
Tom Brookens,R,70,165,0.246,71,24.24489796
Gary Thomasson,L,73,180,0.249,61,24.3197598
Mike Trujillo,R,73,180,0,0,24.3197598
Albert Williams,R,76,190,0,0,23.68421053
Oswaldo Peraza,R,76,172,0,0,21.44044321
Otto Velez,R,72,170,0.251,78,23.61111111
Tony Scott,B,72,164,0.249,17,22.77777778
Ray Oyler,R,71,165,0.175,15,23.56675263
Barry Cort,R,77,210,0,0,25.50177096
Floyd Robinson,L,69,175,0.283,67,26.46502836
Steve Jeltz,B,71,180,0.21,5,25.70918469
Lou Brock,L,71,170,0.293,149,24.28089665
Bill Wilkinson,R,70,160,0,0,23.51020408
Joe Lovitto,B,72,185,0.216,4,25.69444444
Mike Loynd,R,76,210,0,0,26.17728532
Wayne Comer,R,70,175,0.229,16,25.71428571
Dave Collins,B,71,175,0.272,32,24.99504067
Ed Spiezio,R,71,180,0.238,39,25.70918469
Rico Petrocelli,R,72,175,0.251,210,24.30555556
Johnny Lewis,L,73,189,0.227,22,25.5357478
Dick Simpson,R,76,176,0.207,15,21.93905817
Ken Boswell,L,72,170,0.248,31,23.61111111
Ken McMullen,R,75,190,0.248,156,24.32
Randy Scarbery,B,73,185,0,0,24.99530869
Steve Swisher,R,74,205,0.216,20,26.95398101
Ben Callahan,R,79,230,0,0,26.53420926
Dick Howser,R,68,155,0.248,16,24.1349481
Manny Castillo,B,69,160,0.242,3,24.19659735
Mike Ramsey,B,73,170,0.24,2,22.96866204
Willie Crawford,L,73,197,0.268,86,26.61662601
Bobby Cuellar,R,71,188,0,0,26.85181512
Willie Norwood,R,72,185,0.242,18,25.69444444
Mike Jones,L,78,215,0,0,25.44378698
Jeff Stone,L,72,175,0.277,11,24.30555556
Ramon Manon,R,72,150,0,0,20.83333333
Joe Lahoud,L,73,198,0.223,65,26.75173579
Tim Flannery,L,71,175,0.255,9,24.99504067
Dave McKay,B,73,195,0.229,21,26.34640646
John Trautwein,R,75,205,0,0,26.24
Andy Replogle,R,77,205,0,0,24.89458593
Zach Crouch,L,75,180,0,0,23.04
Benny Ayala,R,73,185,0.251,38,24.99530869
Ron Romanick,R,76,195,0,0,24.30747922
Greg Gross,L,70,160,0.287,7,23.51020408
Bruce Tanner,L,75,220,0,0,28.16
Sal Butera,R,72,190,0.227,8,26.38888889
Jack Brohamer,L,70,165,0.245,30,24.24489796
Von Joshua,L,70,170,0.273,30,24.97959184
Eddie Milner,L,71,173,0.253,42,24.70938306
Johnny Jeter,R,73,180,0.244,18,24.3197598
Angel Salazar,R,72,180,0.212,2,25
Tony Oliva,L,73,175,0.304,220,23.64421092
Cito Gaston,R,75,190,0.256,91,24.32
Cookie Rojas,R,70,160,0.263,54,23.51020408
Rich Morales,R,71,170,0.195,6,24.28089665
Dave Ford,R,76,190,0,0,23.68421053
Dan Ford,R,73,185,0.27,121,24.99530869
Barry Raziano,B,70,175,0,0,25.71428571
Darryl Motley,R,69,196,0.243,44,29.64083176
Ozzie Virgil,R,73,180,0.243,98,24.3197598
Johnny Oates,L,71,188,0.25,14,26.85181512
Pat Underwood,L,72,175,0,0,24.30555556
Mike Phillips,L,72,170,0.24,11,23.61111111
Ron Santo,R,72,190,0.277,342,26.38888889
Jay Johnstone,L,73,175,0.267,102,23.64421092
Jim Ray Hart,R,71,185,0.278,170,26.4233287
Marc Hill,R,75,205,0.223,34,26.24
Joel McKeon,L,72,185,0,0,25.69444444
Danny Fife,R,75,175,0,0,22.4
Chico Salmon,R,70,160,0.249,31,23.51020408
Joe Niekro,R,73,185,0.156,1,24.99530869
Andy Etchebarren,R,73,190,0.235,49,25.67085757
Ken Berry,R,72,175,0.255,58,24.30555556
Dave Concepcion,R,74,155,0.267,101,20.3798393
Junior Moore,R,71,185,0.264,7,26.4233287
Mike Richardt,R,72,170,0.226,4,23.61111111
Chris Brown,R,72,185,0.269,38,25.69444444
Al Bumbry,L,68,170,0.281,54,26.47058824
Al Downing,R,71,175,0.127,2,24.99504067
Bob Didier,B,72,190,0.229,0,26.38888889
Jake Gibbs,L,72,180,0.233,25,25
Garry Hancock,L,72,175,0.247,12,24.30555556
Ed Kranepool,L,75,205,0.261,118,26.24
Rick Rhoden,R,75,195,0.238,9,24.96
Denny McLain,R,73,185,0.133,1,24.99530869
Chuck Hiller,L,71,170,0.243,20,24.28089665
Jorge Orta,L,70,170,0.278,130,24.97959184
Dave Cash,R,71,170,0.283,21,24.28089665
Bucky Dent,R,69,170,0.247,40,25.70888469
Andy Beene,R,75,205,0,0,26.24
Bruce Robbins,L,73,190,0,0,25.67085757
Tony Gonzalez,L,69,170,0.286,103,25.70888469
Leon Hooten,R,71,180,0,0,25.70918469
Larry Haney,R,74,195,0.215,12,25.63915267
Billy Conigliaro,R,72,180,0.256,40,25
Gary Roenicke,R,75,205,0.247,121,26.24
Don Lock,R,74,195,0.238,122,25.63915267
Billy Cowan,R,72,170,0.236,40,23.61111111
Billy Smith,B,74,185,0.23,17,24.32432432
Allan Ramirez,R,70,180,0,0,26.44897959
Tony Perez,R,74,175,0.279,379,23.00949598
Chuck Schilling,R,70,160,0.239,23,23.51020408
Hal McRae,R,71,180,0.29,191,25.70918469
Dave Roberts,R,75,215,0.239,49,27.52
Brian Allard,R,73,175,0,0,23.64421092
Jim Lefebvre,B,72,180,0.251,74,25
Fernando Arroyo,R,74,180,0,0,23.66691015
Gary Beare,R,76,205,0,0,25.55401662
Charlie Spikes,R,75,215,0.246,65,27.52
Brian Dubois,L,70,165,0,0,24.24489796
Steve Whitaker,L,72,180,0.23,24,25
Manny Jimenez,L,73,185,0.272,26,24.99530869
Chris Batton,R,76,195,0,0,24.30747922
Duffy Dyer,R,72,187,0.221,30,25.97222222
Ken Henderson,B,74,180,0.257,122,23.66691015
Vance Lovelace,L,77,205,0,0,24.89458593
Greg Thayer,R,71,182,0,0,25.99484229
Vern Fuller,R,73,170,0.232,14,22.96866204
Paul Hartzell,R,77,200,0,0,24.28740091
Wayne Gross,L,74,210,0.233,121,27.61139518
Mike Champion,R,72,185,0.229,2,25.69444444
Ralph Botting,L,72,195,0,0,27.08333333
Paul Casanova,R,76,180,0.225,50,22.43767313
Steve Rogers,R,74,175,0.138,0,23.00949598
Keith Creel,R,74,180,0,0,23.66691015
Terry Crowley,L,72,180,0.25,42,25
Horace Clarke,B,69,170,0.256,27,25.70888469
Lou Clinton,R,73,185,0.247,65,24.99530869
Larry Cox,R,70,178,0.221,12,26.15510204
Nate Colbert,R,74,190,0.243,173,24.9817385
Phil Roof,R,74,190,0.215,43,24.9817385
Chuck Hinton,R,73,180,0.264,113,24.3197598
Tim Cullen,R,73,185,0.22,9,24.99530869
Tim Harkness,L,74,182,0.235,14,23.92987582
Rick Bosetti,R,71,185,0.25,17,26.4233287
Ron Pruitt,R,72,185,0.269,12,25.69444444
George Foster,R,73,180,0.274,348,24.3197598
Jerry White,B,70,164,0.253,21,24.09795918
Angel Mangual,R,70,178,0.245,22,26.15510204
Ken Gerhart,R,72,190,0.221,24,26.38888889
Mike Hershberger,R,70,175,0.252,26,25.71428571
Jim French,L,68,180,0.196,5,28.02768166
Dave Roberts,L,75,195,0.194,7,24.96
Jim Mason,L,74,185,0.203,12,24.32432432
Mike Smith,R,75,180,0,0,23.04
Willie Smith,L,72,182,0.248,46,25.27777778
T.R. Bryden,R,76,190,0,0,23.68421053
Jose Arcia,R,75,170,0.215,1,21.76
Leon Durham,L,73,185,0.277,147,24.99530869
Tom Makowski,R,71,185,0,0,26.4233287
Paul Householder,B,72,180,0.236,29,25
Aurelio Rodriguez,R,70,180,0.237,124,26.44897959
Jimmy Stewart,B,72,165,0.237,8,22.91666667
Dick Phillips,L,72,180,0.229,12,25
Andres Thomas,R,73,170,0.234,42,22.96866204
Ed Crosby,L,74,175,0.22,0,23.00949598
Mike de la Hoz,R,71,175,0.251,25,24.99504067
Frank Taveras,R,72,155,0.255,2,21.52777778
Joe Nossek,R,72,178,0.228,3,24.72222222
Larry Stahl,L,72,175,0.232,36,24.30555556
Jose Cruz,L,72,170,0.284,165,23.61111111
Don Mason,L,71,160,0.205,3,22.85260861
Bill Robinson,R,74,189,0.258,166,24.85025566
Jim Umbarger,L,78,200,0,0,23.66863905
Sal Bando,R,72,195,0.254,242,27.08333333
George Mitterwald,R,74,195,0.236,76,25.63915267
Mike Darr,R,76,190,0,0,23.68421053
Craig Robinson,R,70,165,0.219,0,24.24489796
Bob Tillman,R,76,205,0.232,79,25.55401662
Curt Wardle,L,77,220,0,0,26.716141
Pat Corrales,R,72,180,0.216,4,25
Mike Tyson,R,69,170,0.241,27,25.70888469
Rafael Landestoy,B,70,165,0.237,4,24.24489796
Duane Josephson,R,72,190,0.258,23,26.38888889
Duane Walker,L,72,185,0.229,24,25.69444444
Glenn Hubbard,R,69,150,0.244,70,22.68431002
Roger Freed,R,72,190,0.245,22,26.38888889
George Hendrick,R,75,195,0.278,267,24.96
Rod Carew,L,72,170,0.328,92,23.61111111
Bob Davis,R,72,180,0.197,6,25
Toby Harrah,R,72,175,0.264,195,24.30555556
Rick Manning,L,73,180,0.257,56,24.3197598
Israel Sanchez,L,69,170,0,0,25.70888469
Steve Burke,B,74,200,0,0,26.29656684
Gary Matthews,R,74,185,0.281,234,24.32432432
Cesar Geronimo,L,72,165,0.258,51,22.91666667
Billy Bryan,L,76,200,0.216,41,24.93074792
Terry Taylor,R,73,180,0,0,24.3197598
Terry Whitfield,L,73,197,0.281,33,26.61662601
Mario Mendoza,R,71,170,0.215,4,24.28089665
Fred Lynn,L,73,185,0.283,306,24.99530869
Larry Hisle,R,74,193,0.273,166,25.376187
Graig Nettles,L,72,180,0.248,390,25
Randy Nosek,R,76,215,0,0,26.80055402
Dave Engle,R,75,210,0.262,31,26.88
Narciso Elvira,L,70,160,0,0,23.51020408
Mike Easler,L,72,190,0.293,118,26.38888889
Mark Smith,R,74,215,0,0,28.26880935
Paul Mitchell,R,73,195,0,0,26.34640646
Rick Sweet,B,73,200,0.234,6,27.02195534
Thurman Munson,R,71,190,0.292,113,27.13747272
Rick Monday,L,75,193,0.264,241,24.704
Mike Sadek,R,69,165,0.226,5,24.95274102
Mark Belanger,R,73,170,0.228,20,22.96866204
Ron Hunt,R,72,186,0.273,39,25.83333333
Joe Keough,L,72,185,0.246,9,25.69444444
Butch Edge,R,75,203,0,0,25.984
Vic Correll,R,70,185,0.229,29,27.18367347
Jackie Hernandez,R,71,165,0.208,12,23.56675263
Tony Solaita,L,72,210,0.255,50,29.16666667
U L Washington,B,71,175,0.251,27,24.99504067
Gary Mielke,R,75,185,0,0,23.68
Rick Henninger,R,78,225,0,0,26.62721893
Joe Foy,R,72,215,0.248,58,29.86111111
Ed Goodson,L,75,180,0.26,30,23.04
Mark Brown,B,74,190,0,0,24.9817385
Mickey Klutts,R,71,170,0.241,14,24.28089665
Leroy Stanton,R,73,195,0.244,77,26.34640646
Rafael Vasquez,R,72,160,0,0,22.22222222
Len Whitehouse,L,71,175,0,0,24.99504067
Danny Ainge,R,76,175,0.22,2,21.81440443
Adolfo Phillips,R,73,175,0.247,59,23.64421092
Marv Breeding,R,72,175,0.25,7,24.30555556
Steve Adkins,R,78,210,0,0,24.85207101
Dick McAuliffe,L,71,176,0.247,197,25.13786947
Joe Horlen,R,72,170,0.134,0,23.61111111
Glenn Burke,R,72,195,0.237,2,27.08333333
Tony Mack,R,70,177,0,0,26.00816327
Terry Humphrey,R,75,185,0.211,6,23.68
Bill Moran,R,76,210,0,0,26.17728532
Enzo Hernandez,R,68,155,0.224,2,24.1349481
Cesar Gutierrez,R,69,155,0.235,0,23.44045369
Coco Laboy,R,70,165,0.233,28,24.24489796
Ted Kubiak,B,72,175,0.231,13,24.30555556
Jim Morrison,R,71,175,0.26,112,24.99504067
Tom Gilles,R,73,185,0,0,24.99530869
Bobby Knoop,R,73,170,0.236,56,22.96866204
Bobby Brown,B,74,190,0.245,26,24.9817385
Tom Hutton,L,71,180,0.248,22,25.70918469
Ron Hodges,L,73,185,0.24,19,24.99530869
Rich Chiles,L,71,170,0.254,6,24.28089665
Tom Paciorek,R,76,215,0.282,86,26.80055402
Gary Woods,R,74,185,0.243,13,24.32432432
Bob Montgomery,R,73,195,0.258,23,26.34640646
Jeff Burroughs,R,73,200,0.261,240,27.02195534
Rusty Staub,L,74,190,0.279,292,24.9817385
Jim Norris,L,70,175,0.264,7,25.71428571
Oscar Gamble,L,71,160,0.265,200,22.85260861
Bob Kammeyer,R,76,210,0,0,26.17728532
George Vukovich,L,72,198,0.268,27,27.5
Joe Pactwa,L,71,185,0,0,26.4233287
Craig Reynolds,L,73,175,0.256,42,23.64421092
Paul Blair,R,72,168,0.25,134,23.33333333
Al Cowens,R,73,197,0.27,108,26.61662601
Al Oliver,L,72,195,0.303,219,27.08333333
Dave Hilton,R,71,191,0.213,6,27.28030153
Luis Alvarado,R,69,162,0.214,5,24.49905482
Larry Parrish,R,75,190,0.263,256,24.32
Woodie Fryman,R,75,197,0.138,2,25.216
Bob Randall,R,74,175,0.257,1,23.00949598
Jim Pankovits,R,70,170,0.25,9,24.97959184
Sherman Corbett,L,76,205,0,0,25.55401662
Carmen Fanzone,R,72,200,0.224,20,27.77777778
Gary Allenson,R,71,185,0.221,19,26.4233287
Milt May,L,72,190,0.263,77,26.38888889
Mike Vail,R,73,180,0.279,34,24.3197598
Nick Esasky,R,75,200,0.25,122,25.6
Jim Nettles,L,72,186,0.22,16,25.83333333
Lafayette Currence,B,71,175,0,0,24.99504067
Chris Cannizzaro,R,72,190,0.235,18,26.38888889
Larry Biittner,L,74,205,0.273,29,26.95398101
John Pawlowski,R,74,175,0,0,23.00949598
Mel Stottlemyre,R,73,178,0.16,7,24.04954025
Jack Hardy,R,74,175,0,0,23.00949598
Ron Musselman,R,74,185,0,0,24.32432432
Roy Smalley,B,73,185,0.257,163,24.99530869
Tony Chevez,R,71,177,0,0,25.28069827
Andy Messersmith,R,73,200,0.17,5,27.02195534
Richie Zisk,R,73,200,0.287,207,27.02195534
Dave Chalk,R,70,175,0.252,15,25.71428571
Don Baylor,R,73,190,0.26,338,25.67085757
John Vukovich,R,73,187,0.161,6,25.26552824
Danny Thompson,R,72,183,0.248,15,25.41666667
Joe Simpson,L,75,175,0.242,9,22.4
Bill Fahey,L,72,200,0.241,7,27.77777778
Doug Camilli,R,71,195,0.199,18,27.85161674
Bernie Allen,L,72,175,0.239,73,24.30555556
Bruce Bochy,R,75,205,0.239,26,26.24
Gary Ignasiak,R,71,185,0,0,26.4233287
Claudell Washington,L,72,190,0.278,164,26.38888889
John Donaldson,L,71,160,0.238,4,22.85260861
Mike Smithson,L,80,215,0,0,24.1875
John Mayberry,L,75,215,0.253,255,27.52
Ken Reitz,R,72,180,0.26,68,25
Amos Otis,R,71,165,0.277,193,23.56675263
Gene Alley,R,70,160,0.254,55,23.51020408
Ted Sizemore,R,70,165,0.262,23,24.24489796
Dan Briggs,L,72,180,0.195,12,25
Joe Skalski,R,75,190,0,0,24.32
Doug Flynn,R,71,165,0.238,7,23.56675263
Bert Bradley,B,73,190,0,0,25.67085757
Ken Holtzman,R,74,175,0.163,2,23.00949598
Pete Ward,L,73,185,0.254,98,24.99530869
Kevin Bell,R,72,195,0.222,13,27.08333333
Tom Nieto,R,73,193,0.205,5,26.0761869
Duke Sims,L,74,197,0.239,100,25.90211833
Larvell Blanks,R,68,167,0.253,20,26.00346021
Francisco Barrios,R,71,155,0,0,22.13846459
Mike Davis,L,74,175,0.259,91,23.00949598
Jerry Reuss,L,77,200,0.167,1,24.28740091
Steve Yeager,R,72,190,0.228,102,26.38888889
Danny Goodwin,L,73,195,0.236,13,26.34640646
Bud Harrelson,B,71,160,0.236,7,22.85260861
Bob Knepper,L,75,195,0.137,6,24.96
Mickey Rivers,L,70,165,0.295,61,24.24489796
Jim Northrup,L,75,190,0.267,153,24.32
John Hale,L,74,195,0.201,14,25.63915267
Reggie Ritter,L,74,195,0,0,25.63915267
Pedro Garcia,R,70,175,0.22,37,25.71428571
Carl Yastrzemski,L,71,175,0.285,452,24.99504067
Bob Babcock,R,77,210,0,0,25.50177096
Craig Eaton,R,71,175,0,0,24.99504067
Derrel Thomas,B,72,160,0.249,43,22.22222222
Art Howe,R,74,190,0.26,43,24.9817385
Ike Brown,R,72,190,0.256,20,26.38888889
Howie Goss,R,76,204,0.216,11,25.42936288
Glenn Borgmann,R,76,210,0.229,16,26.17728532
Lamar Johnson,R,74,215,0.287,64,28.26880935
Julio Gonzalez,R,71,162,0.235,4,23.13826622
Bobby Klaus,R,70,170,0.208,6,24.97959184
Manny Sanguillen,R,72,193,0.296,65,26.80555556
Gates Brown,L,71,220,0.257,84,31.42233684
Johnny Ray,B,71,170,0.29,53,24.28089665
Jesus Alou,R,74,190,0.28,32,24.9817385
Ken Landreaux,L,70,165,0.268,91,24.24489796
Enos Cabell,R,76,170,0.277,60,21.19113573
Roy Branch,R,72,175,0,0,24.30555556
Billy North,B,71,185,0.261,20,26.4233287
Juan Beniquez,R,71,150,0.274,79,21.42432057
Frank Fernandez,R,72,185,0.199,39,25.69444444
Bombo Rivera,R,70,187,0.265,10,27.47755102
Steve Brye,R,72,190,0.258,30,26.38888889
Ron Jackson,R,72,200,0.259,56,27.77777778
Roger Metzger,B,72,165,0.231,5,22.91666667
Rufino Linares,R,72,170,0.27,11,23.61111111
Ray Webster,L,72,185,0.244,17,25.69444444
Bob Kearney,R,72,190,0.233,27,26.38888889
Fergie Jenkins,R,77,205,0.165,13,24.89458593
Dick Dietz,R,73,195,0.261,66,26.34640646
Ted Cox,R,75,195,0.245,10,24.96
Bobby Mitchell,L,70,170,0.243,3,24.97959184
Bobby Mitchell,R,75,185,0.235,21,23.68
Barry Evans,R,73,180,0.251,2,24.3197598
Mickey Brantley,R,70,180,0.259,32,26.44897959
Al Gallagher,R,72,180,0.263,11,25
Rob Woodward,R,75,185,0,0,23.68
Hector Cruz,R,71,170,0.225,39,24.28089665
Fred Norman,B,68,155,0.125,0,24.1349481
Woody Woodward,R,74,180,0.236,1,23.66691015
Ted Martinez,R,72,165,0.24,7,22.91666667
Jim Anderson,R,72,170,0.218,13,23.61111111
Lenn Sakata,R,69,160,0.23,25,24.19659735
Dave Duncan,R,74,190,0.214,109,24.9817385
Randy Jones,R,72,178,0.132,0,24.72222222
Dick Billings,R,73,195,0.227,16,26.34640646
Bob Veselic,R,72,175,0,0,24.30555556
Bruce Bochte,L,75,195,0.282,100,24.96
Bernie Carbo,L,71,173,0.264,96,24.70938306
Vic Davalillo,L,67,150,0.279,36,24.05881043
Burt Hooton,R,73,210,0.123,4,28.37305311
Chuck Hockenbery,B,73,195,0,0,26.34640646
Bob Ferris,R,78,225,0,0,26.62721893
Fernando Gonzalez,R,70,165,0.235,17,24.24489796
Jim Sundberg,R,72,190,0.248,95,26.38888889
Andy Kosco,R,75,205,0.236,73,26.24
Steve Huntz,B,73,204,0.206,16,27.56239445
Gary Wheelock,R,75,205,0,0,26.24
Lenny Faedo,R,72,170,0.251,5,23.61111111
John Lowenstein,L,72,175,0.253,116,24.30555556
Don Kessinger,B,73,170,0.252,14,22.96866204
Joe Hague,L,72,195,0.239,40,27.08333333
Bake McBride,L,74,190,0.299,63,24.9817385
Dick Davis,R,75,190,0.265,27,24.32
Richie Scheinblum,B,73,180,0.263,13,24.3197598
Ed Herrmann,L,73,195,0.24,80,26.34640646
Mike Rochford,L,76,205,0,0,25.55401662
Jeff Schneider,B,75,195,0,0,24.96
Bob Molinaro,L,72,190,0.264,14,26.38888889
Mike Hegan,L,73,188,0.242,53,25.40063802
Mike Diaz,R,74,195,0.247,31,25.63915267
Tim Foli,R,72,179,0.251,25,24.86111111
Alan Knicely,R,72,190,0.213,12,26.38888889
Tim Laudner,R,75,212,0.225,77,27.136
Jose Morales,R,71,187,0.287,26,26.70898631
Luis Encarnacion,R,70,178,0,0,26.15510204
Rick Kreuger,R,74,185,0,0,24.32432432
Juan Marichal,R,72,185,0.165,4,25.69444444
Vida Blue,B,72,189,0.104,4,26.25
Angel Moreno,L,69,165,0,0,24.95274102
Roger Weaver,R,75,190,0,0,24.32
Stan Papi,R,72,170,0.218,7,23.61111111
Rob Wilfong,L,73,180,0.248,39,24.3197598
Chris Knapp,R,77,195,0,0,23.68021589
Steve Henderson,R,74,190,0.28,68,24.9817385
Rob Picciolo,R,74,185,0.234,17,24.32432432
Don Welchel,R,76,205,0,0,25.55401662
Randy Wiles,L,73,185,0,0,24.99530869
Roberto Pena,R,68,170,0.245,13,26.47058824
Bob Dernier,R,72,160,0.255,23,22.22222222
Bill Melton,R,74,200,0.253,160,26.29656684
Albert Hall,B,71,155,0.251,5,22.13846459
Barbaro Garbey,R,70,170,0.267,11,24.97959184
John Milner,L,72,185,0.249,131,25.69444444
Rich Reese,L,75,185,0.253,52,23.68
Chris Bando,B,72,195,0.227,27,27.08333333
Bill Buckner,L,72,185,0.289,174,25.69444444
Jack Hiatt,R,74,190,0.251,22,24.9817385
Nelson Mathews,R,76,195,0.223,22,24.30747922
Larry Lintz,B,69,150,0.227,0,22.68431002
Ron Theobald,R,68,165,0.248,2,25.69204152
Dewey Robinson,R,72,180,0,0,25
Rafael Santana,R,73,165,0.246,13,22.29311315
Jerry Hairston,B,70,170,0.258,30,24.97959184
Tony Arnold,R,71,170,0,0,24.28089665
Jeff Schattinger,L,77,200,0,0,24.28740091
Ike Brookens,R,77,170,0,0,20.64429077
Tommie Aaron,R,75,190,0.229,13,24.32
Steve Dillard,R,73,180,0.243,13,24.3197598
Win Remmerswaal,R,74,160,0,0,21.03725347
Jeff Peterek,R,74,195,0,0,25.63915267
George Scott,R,74,200,0.268,271,26.29656684
Jeff Shaver,R,75,195,0,0,24.96
Ken Walters,R,73,180,0.231,11,24.3197598
Gorman Thomas,R,74,210,0.225,268,27.61139518
Paul Dade,R,73,185,0.27,10,24.99530869
Darrell Porter,L,72,193,0.247,188,26.80555556
Tim Johnson,L,73,170,0.223,0,22.96866204
Fred Stanley,R,70,165,0.216,10,24.24489796
Larry Bowa,B,70,155,0.26,15,22.7755102
Tim Corcoran,L,71,175,0.27,12,24.99504067
Jim Spencer,L,74,195,0.25,146,25.63915267
Pete LaCock,L,74,200,0.257,27,26.29656684
Carl Morton,R,72,200,0.156,7,27.77777778
Gary Gray,R,72,187,0.24,24,25.97222222
Matty Alou,L,69,160,0.307,31,24.19659735
Pete Filson,B,74,195,0,0,25.63915267
Jim Dwyer,L,70,165,0.26,77,24.24489796
Dalton Jones,L,73,180,0.235,41,24.3197598
Rennie Stennett,R,71,160,0.274,41,22.85260861
Jim Gideon,R,75,190,0,0,24.32
Jerry May,R,74,190,0.234,15,24.9817385
Rich McKinney,R,71,185,0.225,20,26.4233287
Clint Hurdle,L,75,195,0.259,32,24.96
Mike Andrews,R,75,195,0.258,66,24.96
Bobby Clark,R,72,190,0.239,19,26.38888889
Jeff Twitty,L,74,185,0,0,24.32432432
Cliff Johnson,R,76,215,0.258,196,26.80055402
Steve Cummings,B,74,200,0,0,26.29656684
Donn Clendenon,R,76,209,0.274,159,26.05263158
Charlie James,R,73,195,0.255,29,26.34640646
Bob Horner,R,73,195,0.277,218,26.34640646
Tom Veryzer,R,73,175,0.241,14,23.64421092
Jose Cecena,R,71,180,0,0,25.70918469
George Smith,R,70,170,0.205,9,24.97959184
Jim Essian,R,74,195,0.244,33,25.63915267
Onix Concepcion,R,66,160,0.239,3,26.44628099
Boots Day,L,69,160,0.256,8,24.19659735
Brian Giles,R,73,165,0.228,10,22.29311315
Garry Maddox,R,75,175,0.285,117,22.4
Alex Trevino,R,70,165,0.249,23,24.24489796
Jim Price,R,72,192,0.214,18,26.66666667
Felix Millan,R,71,172,0.279,22,24.56655426
Steve Garvey,R,70,192,0.294,272,28.2122449
Don Mincher,L,75,205,0.249,200,26.24
Greg Erardi,R,73,190,0,0,25.67085757
Jim Farr,R,73,195,0,0,26.34640646
Tony Cloninger,R,72,210,0.192,11,29.16666667
Jim Gosger,L,71,185,0.226,30,26.4233287
Chuck Harrison,R,70,185,0.238,17,27.18367347
Mike Ivie,R,75,205,0.269,81,26.24
Frank Dimichele,R,75,205,0,0,26.24
Bob Veale,B,78,212,0.114,0,25.0887574
Marvell Wynne,L,71,175,0.247,40,24.99504067
Dusty Baker,R,74,183,0.278,242,24.06135866
Tucker Ashford,R,73,195,0.218,6,26.34640646
Ned Yost,R,73,190,0.212,16,25.67085757
Bob Stinson,B,71,180,0.25,33,25.70918469
Mike Warren,R,73,175,0,0,23.64421092
Gaylord Perry,R,76,205,0.131,6,25.55401662
Dave Marshall,L,73,182,0.246,16,24.58997936
Mickey Hatcher,R,74,200,0.28,38,26.29656684
Roger Repoz,L,75,190,0.224,82,24.32
Bill Fulton,R,75,195,0,0,24.96
John Orsino,R,75,215,0.249,40,27.52
Larry Anderson,R,75,190,0,0,24.32
Johnny Briggs,L,73,190,0.253,139,25.67085757
Craig Mitchell,R,75,180,0,0,23.04
Dave Hostetler,R,76,215,0.229,37,26.80055402
Bob Jones,L,74,195,0.221,20,25.63915267
Keith Hernandez,L,72,180,0.296,162,25
Alfredo Martinez,R,75,185,0,0,23.68
Dean Chance,R,75,200,0.066,0,25.6
Willie Upshaw,L,72,185,0.262,123,25.69444444
Dick Green,R,70,180,0.24,80,26.44897959
Dane Iorg,L,72,180,0.276,14,25
Richie Hebner,L,73,195,0.276,203,26.34640646
Fran Healy,R,77,220,0.25,20,26.716141
Doc Edwards,R,74,215,0.238,15,28.26880935
Sandy Alomar,B,69,140,0.245,13,21.17202268
Joe Strain,R,70,169,0.25,1,24.83265306
Gene Richards,L,72,175,0.29,26,24.30555556
Buddy Bell,R,73,180,0.279,201,24.3197598
Al Woods,L,75,190,0.271,35,24.32
Rudy Law,L,73,165,0.271,18,22.29311315
Joel Davis,L,77,205,0,0,24.89458593
Jody Davis,R,76,192,0.245,127,23.93351801
Mike Edwards,R,70,154,0.25,2,22.62857143
Bill Mooneyham,R,72,175,0,0,24.30555556
John Hobbs,R,75,190,0,0,24.32
Deron Johnson,R,74,200,0.244,245,26.29656684
John Denny,R,75,185,0.17,0,23.68
Don Wert,R,70,162,0.242,77,23.80408163
Mike Fiore,L,72,175,0.227,13,24.30555556
Miguel Dilone,B,72,160,0.265,6,22.22222222
Greg Luzinski,R,73,220,0.276,307,29.72415087
Bobby Tolan,L,71,170,0.265,86,24.28089665
Karl Best,R,76,190,0,0,23.68421053
Steve Barr,L,76,200,0,0,24.93074792
Ron Woods,R,70,168,0.233,26,24.68571429
Tony Horton,R,75,210,0.268,76,26.88
Randy Hundley,R,71,170,0.236,82,24.28089665
Jose Tartabull,L,71,165,0.261,2,23.56675263
Ben Oglivie,L,74,160,0.273,235,21.03725347
Luis Sanchez,R,74,170,0,0,22.35208181
Bob Johnson,R,70,175,0.272,44,25.71428571
Don Buford,B,67,160,0.264,93,25.66273112
Duane Kuiper,L,72,175,0.271,1,24.30555556
Brant Alyea,R,75,215,0.247,38,27.52
Jerry Narron,L,75,205,0.211,21,26.24
Lou Johnson,R,71,170,0.258,48,24.28089665
Ken Retzer,L,72,185,0.264,14,25.69444444
Mike Brown,R,74,195,0.265,23,25.63915267
Mike Brown,R,74,195,0,0,25.63915267
Greg Walker,L,75,205,0.26,113,26.24
Terry Harper,R,76,195,0.253,36,24.30747922
Jerry Royster,R,72,165,0.249,40,22.91666667
Steve Davis,L,73,195,0,0,26.34640646
Jeff Rineer,L,76,205,0,0,25.55401662
Barry Bonnell,R,75,190,0.272,56,24.32
Tom Seaver,R,73,195,0.154,12,26.34640646
Jerry Martin,R,73,195,0.251,85,26.34640646
Bill Stein,R,70,170,0.267,44,24.97959184
Joel Youngblood,R,72,180,0.265,80,25
Reggie Jackson,L,72,195,0.262,563,27.08333333
Sonny Jackson,L,69,150,0.251,7,22.68431002
Mark Mercer,L,77,220,0,0,26.716141
Rodney Scott,B,72,160,0.236,3,22.22222222
Rich Coggins,L,68,170,0.265,12,26.47058824
Phil Gagliano,R,73,180,0.238,14,24.3197598
Jerry McNertney,R,72,180,0.237,27,25
Mitchell Page,L,74,205,0.266,72,26.95398101
Kiko Garcia,R,71,180,0.239,12,25.70918469
Larry Milbourne,B,72,161,0.254,11,22.36111111
Bill Sudakis,B,73,190,0.234,59,25.67085757
John Caneira,R,75,180,0,0,23.04
Domingo Ramos,R,70,154,0.24,8,22.62857143
Ron Oester,B,74,185,0.265,42,24.32432432
Glenn Adams,L,73,180,0.28,34,24.3197598
Clint Zavaras,R,73,175,0,0,23.64421092
Joe Morgan,L,67,160,0.271,268,25.66273112
R.J. Reynolds,B,72,190,0.267,35,26.38888889
Mike Parrott,R,76,210,0,0,26.17728532
Lee Thomas,L,74,195,0.255,106,25.63915267
Ray Fosse,R,74,215,0.256,61,28.26880935
Paul Popovich,B,72,175,0.233,14,24.30555556
John Stephenson,L,71,180,0.216,12,25.70918469
Doug Clemens,L,72,180,0.229,12,25
Luis Aponte,R,72,185,0,0,25.69444444
Orlando Mercado,R,72,180,0.199,7,25
Charley Smith,R,73,170,0.239,69,22.96866204
Paul Boris,R,74,200,0,0,26.29656684
Buddy Biancalana,B,71,160,0.205,6,22.85260861
De Wayne Buice,R,72,170,0,0,23.61111111
Bob Uecker,R,73,190,0.2,14,25.67085757
Felix Torres,R,71,165,0.254,27,23.56675263
Steve Braun,L,70,180,0.271,52,26.44897959
Ray Knight,R,73,185,0.271,84,24.99530869
Ty Cline,L,72,170,0.238,6,23.61111111
Thad Bosley,L,75,175,0.272,20,22.4
Bobby Grich,R,74,180,0.266,224,23.66691015
Jimmie Hall,L,72,175,0.254,121,24.30555556
John Boccabella,R,73,195,0.219,26,26.34640646
Brock Davis,L,70,160,0.26,1,23.51020408
Mark Esser,R,73,190,0,0,25.67085757
Curt Blefary,L,74,195,0.237,112,25.63915267
Daryl Smith,R,76,185,0,0,23.06094183
Dave Smith,R,73,190,0,0,25.67085757
Mack Jones,L,73,180,0.252,133,24.3197598
Buddy Bradford,R,71,170,0.226,52,24.28089665
Hosken Powell,L,73,175,0.259,17,23.64421092
Dave Stapleton,L,73,185,0,0,24.99530869
Dave Stapleton,R,73,178,0.271,41,24.04954025
Gary Ward,R,74,195,0.276,130,25.63915267
Jim Lonborg,R,77,200,0.136,3,24.28740091
Joe Lis,R,72,175,0.233,32,24.30555556
Dan Meyer,L,71,180,0.253,86,25.70918469
Jim Holt,L,72,180,0.265,19,25
Tom Klawitter,R,74,190,0,0,24.9817385
Larry Herndon,R,75,190,0.274,107,24.32
Gary Christenson,L,77,200,0,0,24.28740091
Jim Wright,R,77,205,0,0,24.89458593
Jim Wright,R,73,165,0,0,22.29311315
Wallace Johnson,B,72,173,0.255,5,24.02777778
Mike Kinnunen,L,73,185,0,0,24.99530869
Eddie Leon,R,72,170,0.236,24,23.61111111
Dave Rajsich,L,77,175,0,0,21.2514758
Jim Wohlford,R,71,175,0.26,21,24.99504067
J.R. Richard,R,80,222,0.168,10,24.975
Bill Voss,L,74,160,0.227,19,21.03725347
Keith Moreland,R,72,190,0.279,121,26.38888889
Ramon Pena,R,70,155,0,0,22.7755102
Alex Johnson,R,72,205,0.288,78,28.47222222
Wayne Krenchicki,L,73,180,0.266,15,24.3197598
Chico Escarrega,R,71,185,0,0,26.4233287
Dave Rosello,R,71,160,0.236,10,22.85260861
Cardell Camper,R,75,208,0,0,26.624
Paul Schaal,R,71,165,0.244,57,23.56675263
Tito Landrum,R,71,175,0.249,13,24.99504067
Dave Edwards,R,72,170,0.237,14,23.61111111
Mario Guerrero,R,70,155,0.257,7,22.7755102
Tom Tresh,B,73,180,0.245,153,24.3197598
Mike Overy,R,74,190,0,0,24.9817385
Ron Roenicke,B,72,180,0.238,17,25
Doug Griffin,R,72,160,0.245,7,22.22222222
Steve Blass,R,72,165,0.172,1,22.91666667
Johnnie LeMaster,R,74,165,0.222,22,21.69466764
Craig Chamberlain,R,73,190,0,0,25.67085757
Nate Oliver,R,70,160,0.226,2,23.51020408
Ray Sadecki,L,71,180,0.191,5,25.70918469
Ken Rudolph,R,73,180,0.213,6,24.3197598
Wayne Nordhagen,R,74,205,0.282,39,26.95398101
Biff Pocoroba,B,70,175,0.257,21,25.71428571
Len Matuszek,L,74,190,0.234,30,24.9817385
Frank Eufemia,R,71,185,0,0,26.4233287
Joe Lefebvre,L,70,170,0.258,31,24.97959184
Jim Maloney,L,74,190,0.201,7,24.9817385
Andre Robertson,R,70,155,0.251,5,22.7755102
Jerry Zimmerman,R,74,185,0.204,3,24.32432432
Jack Lazorko,R,71,200,0,0,28.56576076
Mike Paxton,R,71,190,0,0,27.13747272
Chet Lemon,R,72,190,0.273,215,26.38888889
Rickey Keeton,R,74,190,0,0,24.9817385
Phil Mankowski,L,72,180,0.264,8,25
Cleon Jones,R,72,185,0.281,93,25.69444444
Joaquin Andujar,B,72,170,0.127,5,23.61111111
Mike Lum,L,72,180,0.247,90,25
Johnny Grubb,L,75,175,0.278,99,22.4
Curt Motton,R,68,164,0.213,25,25.53633218
Johnny Bench,R,73,197,0.267,389,26.61662601
Dale Berra,R,72,180,0.236,49,25
Terry Felton,R,73,180,0,0,24.3197598
Bob Meacham,B,73,175,0.236,8,23.64421092
Mark Clear,R,76,200,0,0,24.93074792
Carl Warwick,R,70,170,0.248,31,24.97959184
Sam Bowens,R,73,188,0.223,45,25.40063802
George Wright,B,71,180,0.245,42,25.70918469
Luis Aguayo,R,69,173,0.236,37,26.16257089
Hal Lanier,R,74,180,0.228,8,23.66691015
Mike Pazik,L,74,195,0,0,25.63915267
Len Randle,B,70,169,0.257,27,24.83265306
Greg Pryor,R,72,180,0.25,14,25
Jim Traber,L,72,194,0.227,27,26.94444444
Dave Nelson,R,70,160,0.244,20,23.51020408
Lynn Jones,R,69,175,0.252,7,26.46502836
Bryan Little,B,70,160,0.245,3,23.51020408
Ken Suarez,R,69,175,0.227,5,26.46502836
Rick Peters,B,69,170,0.277,2,25.70888469
Ron Stone,L,74,185,0.241,6,24.32432432
Rich Barnes,R,76,186,0,0,23.18559557
Tommie Agee,R,71,195,0.255,130,27.85161674
Bob Bailey,R,73,180,0.257,189,24.3197598
Cap Peterson,R,74,195,0.23,19,25.63915267
Ted Uhlaender,L,74,190,0.263,36,24.9817385
Ted Simmons,B,71,193,0.285,248,27.56595914
Bobby Murcer,L,71,160,0.277,252,22.85260861
Dick Tracewski,R,71,160,0.213,8,22.85260861
Dave Frost,R,78,235,0,0,27.81065089
Mark Souza,L,72,180,0,0,25
Bill Nahorodny,R,74,200,0.241,25,26.29656684
Bill Madlock,R,71,180,0.305,163,25.70918469
Bob Boone,R,74,195,0.254,105,25.63915267
Rick Jones,L,77,190,0,0,23.07303087
Steve Kemp,L,72,195,0.278,130,27.08333333
Rick Burleson,R,70,165,0.273,50,24.24489796
Jim Dorsey,R,79,190,0,0,21.91956417
Mark Ciardi,R,72,180,0,0,25
Dennis Burtt,R,72,180,0,0,25
Carl Taylor,R,74,200,0.266,10,26.29656684
Terry Harmon,R,74,180,0.233,4,23.66691015
Mike Hargrove,L,72,195,0.29,80,27.08333333
Rich Yett,R,74,187,0,0,24.58728999
Steve Hovley,L,70,188,0.258,8,27.6244898
Don Leppert,R,74,220,0.229,15,28.92622352
Matt Williams,R,73,200,0,0,27.02195534
Jim Burton,R,75,195,0,0,24.96
Rick Anderson,R,74,210,0,0,27.61139518
Charlie Mitchell,R,75,170,0,0,21.76
Bill Paschall,R,72,175,0,0,24.30555556
John Bohnet,B,72,175,0,0,24.30555556
Byron McLaughlin,R,73,175,0,0,23.64421092
Lee May,R,75,195,0.267,354,24.96
Luis Quintana,L,74,175,0,0,23.00949598
Sam McDowell,L,77,190,0.154,2,23.07303087
Rick Renick,R,72,188,0.221,20,26.11111111
Jeff Torborg,R,72,195,0.214,8,27.08333333
Dave Campbell,R,73,180,0.213,20,24.3197598
Pat Kelly,L,73,185,0.264,76,24.99530869
Al Weis,B,72,160,0.219,7,22.22222222
Jerry Turner,L,69,180,0.257,45,27.22117202
Rick Auerbach,R,72,165,0.22,9,22.91666667
Keith Macwhorter,R,76,190,0,0,23.68421053
Don Wilson,R,74,195,0.146,1,25.63915267
Jaime Cocanower,R,76,200,0,0,24.93074792
Jeff Sellers,R,73,175,0,0,23.64421092
Sandy Valdespino,L,68,170,0.23,7,26.47058824
Steve Senteney,R,74,205,0,0,26.95398101
Howard Bailey,R,72,195,0,0,27.08333333
Jeff Bettendorf,R,75,180,0,0,23.04
Ken Phelps,L,73,209,0.239,123,28.23794333
Cesar Cedeno,R,74,175,0.285,199,23.00949598
Bob Davidson,R,72,185,0,0,25.69444444
Phil Linz,R,73,180,0.235,11,24.3197598
Manny Mota,R,70,160,0.304,31,23.51020408
Brian Snyder,L,75,185,0,0,23.68
Steve Renko,R,77,230,0.215,6,27.93051105
Rick Sofield,L,73,195,0.243,9,26.34640646
Carlos Velazquez,R,71,180,0,0,25.70918469
Roger Miller,R,75,200,0,0,25.6
Doug DeCinces,R,74,190,0.259,237,24.9817385
John Castino,R,71,175,0.278,41,24.99504067
Dave May,L,70,186,0.251,96,27.33061224
Ron Washington,R,71,155,0.261,20,22.13846459
Billy Grabarkewitz,R,70,165,0.236,28,24.24489796
Willie Aikens,L,75,220,0.271,110,28.16
Earl Williams,R,75,215,0.247,138,27.52
Willie Mueller,R,76,220,0,0,27.42382271
John Flinn,R,72,175,0,0,24.30555556
Don Hahn,R,73,180,0.236,7,24.3197598
Todd Cruz,R,72,175,0.22,34,24.30555556
Tom Egan,R,76,218,0.2,22,27.17451524
Bob Heise,R,72,175,0.247,1,24.30555556
Tommy Harper,R,69,165,0.257,146,24.95274102
Joe Wallis,B,71,180,0.244,16,25.70918469
Max Alvis,R,71,185,0.247,111,26.4233287
Rico Carty,R,75,200,0.299,204,25.6
Mike Cubbage,L,72,180,0.258,34,25
Les Straker,R,73,193,0,0,26.0761869
Merritt Ranew,L,71,170,0.247,8,24.28089665
Lyman Bostock,L,73,180,0.311,23,24.3197598
Damaso Garcia,R,73,165,0.283,36,22.29311315
Don Kainer,R,75,205,0,0,26.24
Don Gordon,R,73,175,0,0,23.64421092
Roy Howell,L,73,190,0.261,80,25.67085757
Boog Powell,L,76,230,0.266,339,28.67036011
Sandy Wihtol,R,73,195,0,0,26.34640646
Sonny Siebert,R,75,190,0.173,12,24.32
Jeff Richardson,R,75,185,0,0,23.68
Bobby Darwin,R,74,190,0.251,83,24.9817385
Dennis DeBarr,L,74,190,0,0,24.9817385
Dan Driessen,L,71,187,0.267,153,26.70898631
Bruce Miller,R,73,185,0.246,1,24.99530869
Bob Bailor,R,71,170,0.264,9,24.28089665
Tommy Helms,R,70,165,0.269,34,24.24489796
Tony Armas,R,71,182,0.252,251,25.99484229
Willie Horton,R,71,209,0.273,325,29.85122
Lou Piniella,R,72,182,0.291,102,25.27777778
Butch Hobson,R,73,193,0.248,98,26.0761869
John Wathan,R,74,205,0.262,21,26.95398101
Hal King,L,73,200,0.214,24,27.02195534
Mike Krukow,R,77,205,0.193,5,24.89458593
Andres Mora,R,72,180,0.223,27,25
Barry Foote,R,75,205,0.23,57,26.24
Ed Ott,L,70,190,0.259,33,27.91836735
Alan Wiggins,B,74,160,0.259,5,21.03725347
Ron Clark,R,70,175,0.189,5,25.71428571
Jay Pettibone,R,76,182,0,0,22.68698061
Glen Cook,R,71,180,0,0,25.70918469
Julio Gotay,R,72,180,0.26,6,25
Gary Alexander,R,74,195,0.23,55,25.63915267
Andre Thornton,R,75,200,0.254,253,25.6
Bob Oliver,R,75,205,0.256,94,26.24
Bill Castro,R,71,170,0,0,24.28089665
Ed Hodge,L,74,192,0,0,25.24470416
Tom Buskey,R,75,200,0,0,25.6
Bruce Taylor,R,72,178,0,0,24.72222222
Stan Thomas,R,74,185,0,0,24.32432432
Bob Robertson,R,73,195,0.242,115,26.34640646
Larry Monroe,R,76,200,0,0,24.93074792
Roger Slagle,R,75,190,0,0,24.32
Ollie Brown,R,74,178,0.265,102,23.40394449
Jim Campbell,L,71,175,0,0,24.99504067
Frank Quilici,R,73,170,0.214,5,22.96866204
Curt Kaufman,R,74,175,0,0,23.00949598
Joe Pepitone,L,74,185,0.258,219,24.32432432
Steve Barber,L,72,195,0.115,5,27.08333333
De Wayne Vaughn,R,71,180,0,0,25.70918469
Norm Miller,L,70,185,0.238,24,27.18367347
Bob Galasso,L,73,205,0,0,27.69750422
Rich Wortham,R,72,185,0,0,25.69444444
Bob Chance,L,74,196,0.261,24,25.7706355
Julio Cruz,B,69,165,0.237,23,24.95274102
Bill Sample,R,69,175,0.272,46,26.46502836
Juan Nieves,L,75,175,0,0,22.4
Mike Bacsik,R,74,180,0,0,23.66691015
Craig Kusick,R,75,210,0.235,46,26.88
Rudy Meoli,L,69,165,0.212,2,24.95274102
Ruppert Jones,L,70,170,0.25,147,24.97959184
Glenn Hoffman,R,73,175,0.242,23,23.64421092
Russ Gibson,R,73,195,0.228,8,26.34640646
Phil Huffman,R,74,180,0,0,23.66691015
Terry Francona,L,73,190,0.274,16,25.67085757
John Bateman,R,75,210,0.23,81,26.88
Luis Pujols,R,74,175,0.193,6,23.00949598
Joe Gaines,R,73,190,0.241,21,25.67085757
Doug Rader,R,74,208,0.251,155,27.34842951
Mickey Stanley,R,73,185,0.248,117,24.99530869
Steve Brown,R,77,200,0,0,24.28740091
Rick Lysander,R,74,190,0,0,24.9817385
Phil Bradley,R,72,185,0.286,78,25.69444444
Winston Llenas,R,70,165,0.23,3,24.24489796
Charlie Moore,R,71,180,0.261,36,25.70918469
Ralph Garr,L,71,185,0.306,75,26.4233287
Tommy John,R,75,180,0.157,5,23.04
Bruce Benedict,R,73,175,0.242,18,23.64421092
John Ellis,R,74,225,0.262,69,29.58363769
Wes Parker,B,73,180,0.267,64,24.3197598
Mel Stottlemyre,R,72,190,0,0,26.38888889
David Green,R,75,170,0.268,31,21.76
Reid Nichols,R,71,165,0.266,22,23.56675263
Rick Reichardt,R,75,210,0.261,116,26.88
Luis Tiant,R,72,180,0.164,5,25
Alex Sanchez,R,74,185,0,0,24.32432432
Broderick Perkins,L,70,180,0.271,8,26.44897959
Leon Roberts,R,75,200,0.267,78,25.6
Ray Burris,R,77,200,0.151,1,24.28740091
Len Gabrielson,L,76,210,0.253,37,26.17728532
Johnny Edwards,L,76,220,0.242,81,27.42382271
Paul Wilmet,R,71,170,0,0,24.28089665
Tom Grieve,R,74,190,0.249,65,24.9817385
Bruce Ellingsen,L,72,180,0,0,25
Bob Forsch,R,76,200,0.213,12,24.93074792
Gorman Heimueller,L,76,195,0,0,24.30747922
Danny Cater,R,72,170,0.276,66,23.61111111
Bill Schroeder,R,74,200,0.24,61,26.29656684
Clay Dalrymple,L,72,190,0.233,55,26.38888889
Carlos May,L,71,200,0.274,90,28.56576076
Reggie Smith,B,72,180,0.287,314,25
Ron Reed,R,78,215,0.158,0,25.44378698
Fred Howard,R,75,190,0,0,24.32
Davey Johnson,R,73,170,0.261,136,22.96866204
Ellis Valentine,R,76,205,0.278,123,25.55401662
Roy White,B,70,160,0.271,160,23.51020408
Mike Brumley,L,70,195,0.229,5,28.65306122
Al Luplow,L,70,175,0.235,33,25.71428571
John Hoover,R,74,190,0,0,24.9817385
Dick Allen,R,71,187,0.292,351,26.70898631
Doug Ault,R,75,200,0.236,17,25.6
Mark Wagner,R,72,165,0.243,3,22.91666667
Mike Walters,R,77,203,0,0,24.65171192
Willie Stargell,L,74,188,0.282,475,24.71877283
Steve Carlton,L,76,210,0.201,13,26.17728532
Jake Wood,R,73,163,0.25,35,22.0228936
Del Unser,L,73,180,0.258,87,24.3197598
Bob Brower,R,71,185,0.242,17,26.4233287
Ray Culp,R,72,200,0.123,1,27.77777778
Ivan Murrell,R,74,195,0.236,33,25.63915267
Lee Mazzilli,B,73,180,0.259,93,24.3197598
Garth Iorg,R,71,170,0.258,20,24.28089665
Alan Ashby,B,74,185,0.245,90,24.32432432
Bob Brenly,R,74,210,0.247,91,27.61139518
Ron Blomberg,L,73,195,0.293,52,26.34640646
Jim Rooker,R,72,195,0.201,7,27.08333333
Tim Blackwell,B,71,170,0.228,6,24.28089665
Colby Ward,R,74,185,0,0,24.32432432
Jerry Morales,R,70,155,0.259,95,22.7755102
Davey Lopes,R,69,170,0.263,155,25.70888469
Catfish Hunter,R,72,190,0.226,6,26.38888889
Mario Soto,R,72,174,0.132,1,24.16666667
Jimmy Wynn,R,70,160,0.25,291,23.51020408
Hank Allen,R,72,190,0.241,6,26.38888889
Jim Fregosi,R,73,190,0.265,151,25.67085757
Pepe Frias,R,70,159,0.24,1,23.36326531
Mike Schmidt,R,74,195,0.267,548,25.63915267
Willie Montanez,L,72,170,0.275,139,23.61111111
Rey Quinones,R,71,160,0.243,29,22.85260861
Mike Squires,L,71,185,0.26,6,26.4233287
Champ Summers,L,74,205,0.255,54,26.95398101
Chuck Porter,R,75,187,0,0,23.936
Bert Campaneris,R,70,160,0.259,79,23.51020408
Bobby Valentine,R,70,189,0.26,12,27.77142857
Rob Andrews,R,72,185,0.251,3,25.69444444
Tom Haller,L,76,195,0.257,134,24.30747922
Tom Dozier,R,74,190,0,0,24.9817385
Ed Stroud,L,71,180,0.237,14,25.70918469
Ron Swoboda,R,74,195,0.242,73,25.63915267
Harry Spilman,L,73,180,0.237,18,24.3197598
Bob Barton,R,72,175,0.226,9,24.30555556
Daryl Sconiers,L,74,185,0.265,15,24.32432432
Joe Torre,R,74,212,0.297,252,27.87436085
Al Ferrara,R,73,200,0.259,51,27.02195534
Rick Steirer,R,76,200,0,0,24.93074792
Sixto Lezcano,R,70,165,0.271,148,24.24489796
Al Lachowicz,R,75,198,0,0,25.344
Dave Nicholson,R,74,215,0.212,61,28.26880935
Freddie Patek,R,65,148,0.242,41,25.22130178
Ken Hubbs,R,74,175,0.247,14,23.00949598
Pepe Mangual,R,70,157,0.242,16,23.06938776
Leron Lee,L,72,196,0.25,31,27.22222222
Tom McCarthy,R,72,180,0,0,25
Steve Ontiveros,B,72,185,0.274,24,25.69444444
Willie Davis,L,74,180,0.279,182,23.66691015
Tom Lawless,R,71,170,0.207,2,24.28089665
Jerry Moses,R,75,210,0.251,25,26.88
Bobby Bonds,R,73,190,0.268,332,25.67085757
Dave McNally,R,71,185,0.133,9,26.4233287
Darrell Brown,B,72,184,0.274,1,25.55555556
Roy Foster,R,72,185,0.253,45,25.69444444
Denis Menke,R,72,185,0.25,101,25.69444444
Hal Breeden,R,74,200,0.243,21,26.29656684
Manny Trillo,R,73,150,0.263,61,20.2664665
Jackie Gutierrez,R,71,175,0.237,4,24.99504067
Jerry Kenney,L,73,170,0.237,7,22.96866204
Fred Kendall,R,73,185,0.234,31,24.99530869
Mike Anderson,R,74,200,0.246,28,26.29656684
Jim Lewis,R,75,190,0,0,24.32
Joe Charboneau,R,74,205,0.266,29,26.95398101
Jimmie Schaffer,R,69,170,0.223,11,25.70888469
Junior Kennedy,R,71,175,0.248,4,24.99504067
Wilbur Howard,B,74,170,0.25,6,22.35208181
Rod Gilbreath,R,74,180,0.248,14,23.66691015
Mark Brouhard,R,73,210,0.259,25,28.37305311
Dan Morogiello,L,73,200,0,0,27.02195534
Mike Young,B,74,195,0.247,72,25.63915267
Chris Speier,R,73,175,0.246,112,23.64421092
Gene Michael,B,74,183,0.229,15,24.06135866
Vic Harris,B,71,165,0.217,13,23.56675263
Mike Fischlin,R,73,165,0.22,3,22.29311315
Don Money,R,73,170,0.261,176,22.96866204
Joe Rudi,R,74,200,0.264,179,26.29656684
Jim Rice,R,74,200,0.298,382,26.29656684
Shawn Holman,R,74,185,0,0,24.32432432
Alan Wirth,R,76,190,0,0,23.68421053
Gil Garrido,R,69,150,0.237,1,22.68431002
Marty Perez,R,71,160,0.246,22,22.85260861
Tom Matchick,L,73,173,0.215,4,23.37399137
Jack Perconte,L,70,160,0.27,2,23.51020408
Ed Kirkpatrick,L,71,195,0.238,85,27.85161674
Jerry Grote,R,70,185,0.252,39,27.18367347
Ellie Hendricks,L,73,175,0.22,62,23.64421092
Jim Beauchamp,R,74,190,0.231,14,24.9817385
Terry Wilshusen,R,74,210,0,0,27.61139518
Tito Fuentes,B,71,175,0.268,45,24.99504067
Ron Brand,R,67,167,0.239,3,26.78547561
Leo Cardenas,R,71,150,0.257,118,21.42432057
Art Shamsky,L,73,168,0.253,68,22.69844248
Steve Ellsworth,R,80,220,0,0,24.75
Ron Cey,R,70,185,0.261,316,27.18367347
Skip Jutze,R,71,190,0.215,3,27.13747272
Butch Wynegar,B,73,190,0.255,65,25.67085757
Ron LeFlore,R,72,200,0.288,59,27.77777778
Bill Russell,R,72,175,0.263,46,24.30555556
Gene Tenace,R,72,190,0.241,201,26.38888889
Bubba Morton,R,70,175,0.267,14,25.71428571
Ellie Rodriguez,R,71,185,0.245,16,26.4233287
Darrel Chaney,B,74,188,0.217,14,24.71877283
Dick Nen,L,74,200,0.224,21,26.29656684
Bryan Kelly,R,74,195,0,0,25.63915267
Bill Freehan,R,75,203,0.262,200,25.984
Steve Nicosia,R,70,185,0.248,11,27.18367347
Ted Savage,R,73,185,0.233,34,24.99530869
Pete Mackanin,R,74,190,0.226,30,24.9817385
Rich Dauer,R,72,180,0.257,43,25
Mick Kelleher,R,69,176,0.213,0,26.61625709
Rowland Office,L,72,170,0.259,32,23.61111111
Rick Leach,L,73,180,0.268,18,24.3197598
Dwayne Murphy,L,73,185,0.246,166,24.99530869
Larry Harlow,L,74,185,0.248,12,24.32432432
Mike Epstein,L,75,230,0.244,130,29.44
Jerry Mumphrey,B,74,185,0.289,70,24.32432432
Don Sutton,R,73,185,0.144,0,24.99530869
Glenn Beckert,R,73,190,0.283,22,25.67085757
Ron Davis,R,72,175,0.233,10,24.30555556
Mike Shannon,R,75,195,0.255,68,24.96
Jason Thompson,L,76,200,0.261,208,24.93074792
Wayne Tolleson,B,69,160,0.241,9,24.19659735
John Leister,R,74,200,0,0,26.29656684
Don Cooper,R,73,185,0,0,24.99530869
Mike Jorgensen,L,72,195,0.243,95,27.08333333
Ed Romero,R,71,160,0.247,8,22.85260861
Rick Joseph,R,73,192,0.243,13,25.94107713
Cecil Cooper,L,74,165,0.298,241,21.69466764
Bill Almon,R,75,180,0.254,36,23.04
Joe Ferguson,R,74,200,0.24,122,26.29656684
Jeff Jones,R,75,210,0,0,26.88
Jerry Terrell,R,71,165,0.253,4,23.56675263
John Poloni,L,77,210,0,0,25.50177096
Dave Revering,L,76,210,0.265,62,26.17728532
Curt Ford,L,70,150,0.245,7,22.04081633
Jerry Dybzinski,R,74,180,0.234,3,23.66691015
Mike Willis,L,74,205,0,0,26.95398101
Bob Burda,L,71,174,0.224,13,24.85221186
Jesse Gonder,L,70,180,0.251,26,26.44897959
Gary Sutherland,R,72,185,0.243,24,25.69444444
Bob Coluccio,R,71,183,0.22,26,26.1376711
Dave Rader,L,71,165,0.257,30,23.56675263
Ron Gardenhire,R,72,175,0.232,4,24.30555556
Bill Sharp,L,70,178,0.255,9,26.15510204
Alan Bannister,R,71,170,0.27,19,24.28089665
Bob Watson,R,72,201,0.295,184,27.91666667
Ken Harrelson,R,74,190,0.239,131,24.9817385
Bobby Wine,R,73,187,0.215,30,25.26552824
Stefan Wever,R,80,245,0,0,27.5625
John Kennedy,R,72,185,0.225,32,25.69444444
Chico Ruiz,B,72,169,0.24,2,23.47222222
Dave Johnson,R,73,183,0,0,24.72508913
Gail Hopkins,L,70,198,0.266,25,29.09387755
Doug Frobel,L,76,196,0.201,20,24.43213296
Luis Melendez,R,72,165,0.248,9,22.91666667
Jerry Augustine,L,72,183,0,0,25.41666667
Bill Plummer,R,73,190,0.188,14,25.67085757
Buck Rodgers,B,74,190,0.232,31,24.9817385
Phil Niekro,R,73,180,0.169,7,24.3197598
Jeff Holly,L,77,210,0,0,25.50177096
Tom Poquette,L,70,175,0.268,10,25.71428571
Eric Hetzel,R,75,175,0,0,22.4
Brian Asselstine,L,73,175,0.254,12,23.64421092
Rick Miller,L,72,175,0.269,28,24.30555556
Ed Charles,R,70,170,0.263,86,24.97959184
Luis Gomez,R,69,150,0.21,0,22.68431002
Dave Lemanczyk,R,76,235,0,0,29.29362881
Al Jones,R,76,210,0,0,26.17728532
Floyd Rayford,R,70,190,0.244,38,27.91836735
Sam Hinds,R,78,215,0,0,25.44378698
Tony Conigliaro,R,75,185,0.264,166,23.68
Clay Christiansen,R,77,205,0,0,24.89458593
Jim Barr,R,75,205,0.162,1,26.24
Jerry Remy,L,69,165,0.275,7,24.95274102
Larry Rothschild,L,74,180,0,0,23.66691015
Frank Duffy,R,73,180,0.232,26,24.3197598
Gary Lance,B,75,195,0,0,24.96
Tom O'Malley,L,72,180,0.256,13,25
Phil Garner,R,70,175,0.26,109,25.71428571
Larry Pashnick,R,75,205,0,0,26.24
Todd Fischer,R,70,170,0,0,24.97959184
